timestamp,optimization_step,loss_critic,loss_actor,loss_temperature,loss_discrete_critic,temperature,critic_grad_norm,actor_grad_norm,temperature_grad_norm,discrete_critic_grad_norm,replay_buffer_size,offline_replay_buffer_size,optimization_freq_hz,q_mean,q_std,q_min,q_max,entropy_term,q_target_mean,q_target_std,td_error_mean,td_error_std,td_error_max,critic_disagreement,policy_entropy_raw,policy_log_prob_mean,actor_loss_q_term,actor_loss_entropy_term,step_time_ms,gpu_mem_current_mb,gpu_mem_peak_mb
0.4,0,13.8364,3.2169,-0.0000,,0.9997,6.5288,13.2929,0.5240,,0,1630,2.35,-0.5896,0.2077,-1.2256,-0.0072,3.0121,0.6570,3.6470,2.4366,2.7906,13.5100,0.4004,-2.9760,2.9760,0.2409,2.9760,424.67,29.6,216.5
0.9,10,9.4819,0.8825,-0.0037,,0.9967,4.1390,5.0749,1.2263,,2560,1630,19.28,1.3720,0.1795,0.7666,1.9071,2.2948,1.2676,3.0362,2.1350,2.2103,10.7446,0.2512,-2.2737,2.2737,-1.3843,2.2668,51.86,29.6,241.4
1.5,20,8.7140,1.3652,-0.0068,,0.9935,2.0683,5.8746,1.0938,,5120,1630,20.15,1.0169,0.2022,0.4710,1.5395,2.4219,1.2487,2.9408,1.9049,2.2501,11.6310,0.2128,-2.4062,2.4062,-1.0261,2.3913,49.62,29.6,241.4
2.0,30,9.6298,0.7403,-0.0124,,0.9903,2.0576,4.2870,1.3246,,7680,1630,18.62,1.3535,0.1892,0.7105,1.8695,2.1922,1.6240,3.1122,2.0162,2.3552,10.4302,0.2080,-2.1754,2.1754,-1.4147,2.1550,53.71,29.6,241.4
2.5,40,7.3785,0.4795,-0.0160,,0.9871,2.7181,5.0114,1.2612,,10240,1630,19.71,1.7071,0.1802,1.1095,2.2102,2.2150,1.6795,2.7033,1.7741,2.0545,10.9904,0.1694,-2.2388,2.2388,-1.7311,2.2106,50.73,29.6,241.4
3.0,50,8.7240,0.0498,-0.0245,,0.9838,2.3256,4.4672,1.5343,,12800,1630,19.67,1.8752,0.1938,1.2572,2.2888,1.9582,1.9079,2.9493,1.9244,2.2392,12.7122,0.1678,-1.9657,1.9657,-1.8847,1.9345,50.85,29.6,241.4
3.5,60,8.2904,0.2068,-0.0270,,0.9805,1.7949,4.1868,1.3939,,15360,1630,22.46,1.8280,0.1799,1.3612,2.2705,2.0758,1.9633,2.8843,1.7970,2.2490,11.8689,0.1558,-2.1061,2.1061,-1.8589,2.0657,44.52,29.6,241.4
4.0,70,10.3175,-0.4114,-0.0343,,0.9772,1.9064,3.9063,1.5103,,17920,1630,19.00,2.2981,0.1697,1.8183,2.6876,1.9476,2.5542,3.2211,2.0213,2.4971,10.9946,0.1501,-1.9897,1.9897,-2.3563,1.9449,52.64,29.6,241.4
4.5,80,9.1741,-0.5143,-0.0415,,0.9739,1.7215,3.6650,1.5870,,20480,1630,18.99,2.3744,0.1712,1.9343,2.8882,1.8834,2.5416,3.0260,1.9131,2.3487,11.6783,0.1452,-1.9130,1.9130,-2.3779,1.8636,52.66,29.6,241.4
5.0,90,11.8904,-0.6778,-0.0452,,0.9705,2.4641,3.2812,1.5274,,23040,1630,18.59,2.5711,0.1762,1.9622,3.1047,1.9222,2.9364,3.4450,2.1500,2.6978,11.7614,0.1425,-1.9726,1.9726,-2.5929,1.9151,53.78,29.6,241.4
5.5,100,8.6109,-0.9556,-0.0522,,0.9672,1.5440,3.5893,1.5821,,25600,1630,20.12,2.8203,0.1625,2.3814,3.2414,1.8599,2.9996,2.9426,1.8679,2.2637,11.6803,0.1377,-1.9179,1.9179,-2.8114,1.8557,49.70,29.6,241.4
6.1,110,8.7568,-1.1051,-0.0610,,0.9640,1.5539,3.2534,1.6770,,28160,1630,19.57,2.8481,0.1744,2.2777,3.2938,1.7581,3.0320,2.9553,1.8180,2.3357,11.6177,0.1386,-1.8230,1.8230,-2.8630,1.7579,51.10,29.6,241.4
6.6,120,10.1732,-1.1865,-0.0656,,0.9607,1.7095,3.3960,1.6509,,30720,1630,23.75,2.9327,0.1704,2.4939,3.4044,1.7846,3.1702,3.1804,2.0149,2.4741,11.7143,0.1312,-1.8491,1.8491,-2.9636,1.7770,42.10,29.6,241.4
7.1,130,6.7678,-1.3637,-0.0701,,0.9575,1.2855,4.2861,1.6267,,33280,1630,19.95,3.1549,0.1762,2.6099,3.6363,1.7952,3.2899,2.6144,1.5917,2.0579,11.2298,0.1312,-1.8733,1.8733,-3.1579,1.7942,50.12,29.6,241.4
7.5,140,8.0935,-1.5121,-0.0776,,0.9543,1.4977,3.2666,1.6693,,35840,1630,21.90,3.2358,0.1731,2.7750,3.6367,1.7502,3.3661,2.8310,1.7902,2.2120,11.9174,0.1272,-1.8307,1.8307,-3.2597,1.7475,45.67,29.6,241.4
8.0,150,6.0411,-1.7924,-0.0861,,0.9511,4.9213,3.3402,1.7273,,38400,1630,18.77,3.4867,0.1640,2.9304,3.8844,1.7230,3.1064,2.3886,1.6513,1.8203,10.8727,0.1210,-1.7727,1.7727,-3.4789,1.6865,53.27,29.6,241.4
8.6,160,8.5629,-1.7515,-0.0903,,0.9479,1.9194,3.0221,1.6980,,40960,1630,19.38,3.4504,0.1395,3.0944,3.9473,1.7121,3.7649,2.9227,1.7425,2.3527,11.8221,0.1192,-1.8020,1.8020,-3.4602,1.7087,51.60,29.6,241.4
9.1,170,8.2178,-2.0661,-0.0978,,0.9447,1.3605,3.5332,1.7298,,43520,1630,19.48,3.6995,0.1518,3.1637,4.2145,1.6751,3.8380,2.8650,1.8279,2.2097,10.3885,0.1174,-1.7702,1.7702,-3.7390,1.6729,51.33,29.6,241.4
9.6,180,9.1535,-2.3297,-0.1028,,0.9416,1.9842,4.2561,1.7167,,46080,1630,20.24,4.0127,0.1418,3.6189,4.3554,1.6791,4.0068,3.0325,1.9480,2.3168,11.2556,0.1153,-1.7833,1.7833,-4.0094,1.6796,49.40,29.6,241.4
10.1,190,8.9066,-2.1813,-0.1094,,0.9385,1.5511,3.5870,1.7323,,48640,1630,19.14,3.8504,0.1460,3.4285,4.2410,1.6638,4.0882,2.9952,1.7752,2.4011,11.6226,0.1167,-1.7677,1.7677,-3.8408,1.6595,52.26,29.6,241.4
10.6,200,9.7159,-2.5362,-0.1195,,0.9354,2.4485,2.8498,1.7977,,51200,1630,19.58,4.0737,0.1399,3.4731,4.4360,1.5971,4.4405,3.1104,1.8167,2.5356,11.5976,0.1111,-1.7023,1.7023,-4.1290,1.5929,51.08,29.6,241.4
11.2,210,7.9506,-2.5873,-0.1208,,0.9323,1.8297,3.2739,1.7307,,53760,1630,19.68,4.2436,0.1409,3.8754,4.5876,1.6495,4.5336,2.8337,1.6574,2.2834,11.9353,0.1060,-1.7693,1.7693,-4.2373,1.6500,50.81,29.6,241.4
11.7,220,8.1788,-2.7367,-0.1263,,0.9292,1.1918,3.7113,1.7278,,56320,1630,19.18,4.3675,0.1498,3.8764,4.7186,1.6524,4.5384,2.8783,1.7577,2.2577,10.7676,0.1141,-1.7722,1.7722,-4.3841,1.6473,52.15,29.6,241.4
12.2,230,8.0670,-2.9239,-0.1334,,0.9262,1.9952,2.7947,1.7477,,58880,1630,19.26,4.5248,0.1500,4.1096,4.8892,1.6236,4.8511,2.8445,1.6366,2.3236,11.7147,0.1076,-1.7523,1.7523,-4.5474,1.6235,51.92,29.6,241.4
12.7,240,8.4938,-3.1148,-0.1387,,0.9232,1.9278,3.1188,1.7413,,61440,1630,19.98,4.7302,0.1508,4.2426,5.0552,1.6420,4.7167,2.9148,1.7417,2.3389,12.3390,0.1100,-1.7587,1.7587,-4.7389,1.6241,50.05,29.6,241.4
13.2,250,9.6215,-3.2755,-0.1411,,0.9201,1.3474,2.9030,1.7015,,64000,1630,20.01,4.9277,0.1389,4.4354,5.3595,1.6549,5.0825,3.1137,1.9117,2.4455,11.3449,0.1029,-1.7985,1.7985,-4.9309,1.6554,49.99,29.6,241.4
13.7,260,6.9993,-3.4134,-0.1516,,0.9171,1.9075,3.5141,1.7593,,66560,1630,18.95,5.0087,0.1434,4.5529,5.3807,1.6144,4.9887,2.6522,1.6011,2.1077,12.8472,0.1076,-1.7407,1.7407,-5.0103,1.5970,52.77,29.6,241.4
14.3,270,8.7070,-3.5256,-0.1578,,0.9142,1.2682,2.7286,1.7642,,69120,1630,19.38,5.0955,0.1363,4.6615,5.3898,1.5868,5.2835,2.9528,1.8009,2.3399,11.3732,0.1049,-1.7358,1.7358,-5.1129,1.5873,51.59,29.6,241.4
14.8,280,10.1813,-3.6568,-0.1658,,0.9112,1.8609,3.5700,1.7890,,71680,1630,20.00,5.2122,0.1466,4.7837,5.5835,1.5590,5.5015,3.1919,1.9240,2.5485,11.8924,0.1040,-1.7110,1.7110,-5.2164,1.5595,50.01,29.6,241.4
15.3,290,8.9459,-3.8392,-0.1718,,0.9082,2.1264,3.2772,1.7905,,74240,1630,18.94,5.3581,0.1439,4.9358,5.6514,1.5574,5.6874,3.0036,1.7766,2.4088,11.6440,0.1036,-1.7095,1.7095,-5.3923,1.5531,52.80,29.6,241.4
15.8,300,8.3317,-4.1600,-0.1795,,0.9053,1.7317,3.2034,1.8096,,76800,1630,18.49,5.6786,0.1436,5.2226,5.9862,1.5307,5.6758,2.8838,1.8897,2.1841,11.7813,0.0978,-1.6904,1.6904,-5.6908,1.5308,54.08,29.6,241.4
16.3,310,8.8127,-4.0085,-0.1729,,0.9024,1.3155,2.4176,1.6887,,79360,1630,19.97,5.6511,0.1484,5.0537,5.9866,1.6345,5.8735,2.9793,1.8477,2.3260,12.2144,0.0998,-1.8113,1.8113,-5.6435,1.6350,50.09,29.6,241.4
16.8,320,8.3322,-4.1266,-0.1907,,0.8995,1.1749,2.6209,1.8053,,81920,1630,19.36,5.6489,0.1527,5.2471,6.0653,1.5277,5.7844,2.8910,1.7372,2.3076,12.2225,0.1029,-1.6947,1.6947,-5.6514,1.5248,51.65,29.6,241.4
17.4,330,11.9085,-4.3215,-0.1953,,0.8966,4.9166,2.8270,1.7935,,84480,1630,19.49,5.8104,0.1564,5.3658,6.1629,1.5300,6.4431,3.4289,2.0618,2.7708,11.2858,0.1042,-1.7065,1.7065,-5.8520,1.5305,51.30,29.6,241.4
17.9,340,8.4734,-4.5704,-0.1967,,0.8937,1.0922,2.8038,1.7546,,87040,1630,19.95,6.1161,0.1412,5.7184,6.3996,1.5641,6.2266,2.9056,1.7924,2.2961,11.2949,0.0996,-1.7454,1.7454,-6.1307,1.5603,50.12,29.6,241.4
18.4,350,9.2967,-4.6340,-0.2065,,0.8908,1.2868,2.9544,1.7904,,89600,1630,19.53,6.1523,0.1513,5.6246,6.5328,1.5229,6.3621,3.0538,1.8836,2.4005,11.2936,0.0984,-1.7096,1.7096,-6.1574,1.5233,51.20,29.6,241.4
18.9,360,9.1167,-4.7169,-0.2169,,0.8879,1.8611,2.8956,1.8296,,92160,1630,21.12,6.1819,0.1527,5.7736,6.5683,1.4851,6.4659,3.0147,1.8410,2.3960,12.4613,0.0957,-1.6704,1.6704,-6.2005,1.4836,47.35,29.6,241.4
19.4,370,7.2530,-4.9511,-0.2200,,0.8851,2.5053,2.7109,1.8063,,94720,1630,19.98,6.4358,0.1499,6.0114,6.8126,1.5066,6.3347,2.6808,1.7015,2.0897,11.7436,0.0942,-1.6937,1.6937,-6.4506,1.4995,50.05,29.6,241.4
19.9,380,8.1410,-5.0564,-0.2227,,0.8822,2.2939,2.3831,1.7819,,97280,1630,20.43,6.5633,0.1318,6.1411,6.8985,1.5158,6.4746,2.8567,1.7687,2.2416,11.4423,0.0896,-1.7181,1.7181,-6.5727,1.5162,48.95,29.6,241.4
20.5,390,9.0176,-5.1945,-0.2266,,0.8794,2.1443,2.5139,1.7675,,99840,1630,19.58,6.7004,0.1267,6.3133,7.0010,1.5236,7.0160,3.0027,1.8076,2.4011,11.0091,0.0908,-1.7325,1.7325,-6.7185,1.5241,51.08,29.6,241.4
21.0,400,11.8353,-5.4050,-0.2336,,0.8766,2.6056,3.1953,1.7780,,102400,1630,19.26,6.8942,0.1279,6.4645,7.2005,1.5095,7.2492,3.4466,2.1536,2.6866,11.1726,0.0892,-1.7220,1.7220,-6.9150,1.5100,51.92,29.6,241.4
21.5,410,8.5093,-5.4809,-0.2447,,0.8738,2.3209,3.0709,1.8186,,104960,1630,19.40,6.9549,0.1238,6.5465,7.2404,1.4693,6.8640,2.9177,1.8397,2.2667,11.4013,0.0882,-1.6814,1.6814,-6.9506,1.4697,51.54,29.6,241.4
22.0,420,9.3828,-5.5722,-0.2440,,0.8710,1.0334,2.6921,1.7711,,107520,1630,19.25,7.0582,0.1315,6.6331,7.3230,1.5059,7.2050,3.0683,1.8365,2.4549,13.0185,0.0867,-1.7289,1.7289,-7.0786,1.5064,51.96,29.6,241.4
22.5,430,10.9611,-5.8054,-0.2489,,0.8683,1.8159,2.9062,1.7663,,110080,1630,19.34,7.2923,0.1230,6.8434,7.5655,1.5053,7.5558,3.3147,2.0729,2.5852,11.4183,0.0876,-1.7337,1.7337,-7.3112,1.5058,51.71,29.6,241.4
23.1,440,12.4631,-5.9077,-0.2631,,0.8655,5.0711,2.3839,1.8254,,112640,1630,19.31,7.3344,0.1329,6.8794,7.6239,1.4511,7.9449,3.4978,2.1913,2.7719,11.0687,0.0894,-1.6746,1.6746,-7.3575,1.4498,51.78,29.6,241.4
23.6,450,7.4117,-5.9843,-0.2624,,0.8627,2.2148,2.7855,1.7813,,115200,1630,19.11,7.4765,0.1184,7.1294,7.7895,1.4895,7.4016,2.7060,1.7101,2.1208,10.8664,0.0875,-1.7187,1.7187,-7.4676,1.4832,52.32,29.6,241.4
24.1,460,9.1322,-5.9642,-0.2771,,0.8600,0.9628,2.1943,1.8410,,117760,1630,19.54,7.3938,0.1308,6.9852,7.6583,1.4283,7.4830,3.0366,1.8748,2.3733,11.0493,0.0855,-1.6590,1.6590,-7.3914,1.4272,51.18,29.6,241.4
24.6,470,8.7232,-6.1456,-0.2818,,0.8573,1.1776,3.0707,1.8335,,120320,1630,19.18,7.5534,0.1294,7.1554,7.8935,1.4291,7.7401,2.9618,1.7591,2.3757,11.2096,0.0837,-1.6665,1.6665,-7.5747,1.4291,52.14,29.6,241.4
25.1,480,8.8202,-6.4772,-0.2848,,0.8545,0.9406,2.7788,1.8155,,122880,1630,19.57,7.8847,0.1194,7.4459,8.1660,1.4428,7.9936,2.9730,1.8358,2.3377,11.2367,0.0820,-1.6845,1.6845,-7.9171,1.4399,51.11,29.6,241.4
25.7,490,10.1060,-6.5666,-0.2916,,0.8518,1.5688,2.2388,1.8222,,125440,1630,19.34,7.9859,0.1156,7.4949,8.1937,1.4485,8.2189,3.1806,1.9204,2.5371,12.0747,0.0834,-1.6778,1.6778,-7.9963,1.4297,51.71,29.6,241.4
26.2,500,8.6146,-6.5489,-0.2857,,0.8492,1.6461,2.3943,1.7506,,128000,1630,19.34,8.0283,0.1267,7.4848,8.3168,1.4860,8.0024,2.9468,1.8239,2.3027,11.9276,0.0819,-1.7494,1.7494,-8.0348,1.4860,51.70,29.6,241.4
26.7,510,8.2621,-6.6586,-0.2984,,0.8465,0.8698,2.4970,1.7937,,130560,1630,19.22,8.1029,0.1212,7.6770,8.3824,1.4443,8.2077,2.8862,1.7120,2.3121,11.9490,0.0820,-1.7063,1.7063,-8.1034,1.4448,52.03,29.6,241.4
27.2,520,11.3303,-6.8534,-0.3105,,0.8438,2.1404,2.7125,1.8316,,133120,1630,18.99,8.2414,0.1352,7.8028,8.5557,1.4078,8.5353,3.3650,1.9755,2.7295,12.0111,0.0823,-1.6684,1.6684,-8.2616,1.4082,52.66,29.6,241.4
27.7,530,8.7415,-7.1152,-0.3184,,0.8411,2.4093,2.6653,1.8441,,135680,1630,20.02,8.4981,0.1177,8.0881,8.7709,1.3966,8.3917,2.9610,1.8540,2.3063,10.6156,0.0804,-1.6559,1.6559,-8.5085,1.3933,49.95,29.6,241.4
28.3,540,9.5344,-7.0981,-0.3224,,0.8385,1.6564,2.4118,1.8338,,138240,1630,19.21,8.4899,0.1169,8.1260,8.7379,1.3971,8.7307,3.0845,1.8313,2.4898,12.0888,0.0782,-1.6662,1.6662,-8.4956,1.3975,52.06,29.6,241.4
28.8,550,10.0271,-7.1726,-0.3259,,0.8359,2.6253,2.1997,1.8210,,140800,1630,18.93,8.5632,0.1103,8.2146,8.8248,1.4134,8.9060,3.1642,1.9130,2.5272,11.8506,0.0788,-1.6790,1.6790,-8.5764,1.4038,52.83,29.6,241.4
29.3,560,10.9744,-7.3549,-0.3250,,0.8332,0.9215,2.3634,1.7846,,143360,1630,19.92,8.7610,0.1176,8.3827,9.0301,1.4329,8.8881,3.3211,2.0109,2.6368,11.7628,0.0752,-1.7154,1.7154,-8.7847,1.4298,50.21,29.6,241.4
29.8,570,10.4268,-7.4916,-0.3354,,0.8306,0.9133,2.6878,1.8106,,145920,1630,19.85,8.8898,0.1166,8.4822,9.1060,1.4044,8.9691,3.2436,2.0054,2.5347,11.2889,0.0776,-1.6894,1.6894,-8.8953,1.4037,50.37,29.6,241.4
30.3,580,8.3758,-7.6264,-0.3422,,0.8280,1.7128,2.0131,1.8165,,148480,1630,19.16,8.9961,0.1129,8.6649,9.2460,1.3997,8.9639,2.9039,1.7920,2.2757,11.1806,0.0781,-1.6835,1.6835,-9.0209,1.3944,52.19,29.6,241.4
30.8,590,9.8906,-7.7152,-0.3559,,0.8254,1.0556,2.4938,1.8580,,151040,1630,19.51,9.0686,0.1215,8.6889,9.3424,1.3558,9.2330,3.1437,1.8228,2.5668,11.5565,0.0752,-1.6420,1.6420,-9.0710,1.3558,51.26,29.6,241.4
31.4,600,11.7270,-7.6906,-0.3593,,0.8228,2.4938,2.9310,1.8456,,153600,1630,19.64,9.0543,0.1245,8.6852,9.3994,1.3640,9.3780,3.4298,2.0474,2.7493,12.1265,0.0810,-1.6544,1.6544,-9.0523,1.3617,50.92,29.6,241.4
31.9,610,9.4865,-7.8577,-0.3582,,0.8203,1.5028,2.3391,1.8106,,156160,1630,19.05,9.2104,0.1249,8.7034,9.4759,1.3859,9.1993,3.0839,1.8116,2.4947,11.5454,0.0763,-1.6894,1.6894,-9.2439,1.3862,52.49,29.6,241.4
32.4,620,9.2513,-8.0716,-0.3569,,0.8177,4.3383,2.4796,1.7762,,158720,1630,19.43,9.4762,0.1184,8.9507,9.7590,1.4095,9.1884,3.0151,1.8548,2.4142,11.0288,0.0752,-1.7238,1.7238,-9.4816,1.4100,51.47,29.6,241.4
32.9,630,9.5895,-8.1163,-0.3731,,0.8152,1.6323,2.9253,1.8282,,161280,1630,19.81,9.4835,0.1214,9.0165,9.8026,1.3709,9.7243,3.1004,1.8427,2.4925,11.5500,0.0768,-1.6718,1.6718,-9.4795,1.3632,50.48,29.6,241.4
33.4,640,9.1670,-8.2276,-0.3719,,0.8126,1.0699,2.3965,1.7951,,163840,1630,19.24,9.5927,0.1178,9.1983,9.8980,1.3881,9.6319,3.0356,1.7587,2.4683,11.7836,0.0765,-1.7049,1.7049,-9.6135,1.3859,51.97,29.6,241.4
34.0,650,9.1158,-8.3758,-0.3870,,0.8101,2.3893,2.0015,1.8402,,166400,1630,19.47,9.7304,0.1139,9.3537,9.9920,1.3518,9.6296,3.0154,1.8022,2.4260,11.3447,0.0760,-1.6598,1.6598,-9.7208,1.3450,51.37,29.6,241.4
34.5,660,8.7741,-8.4374,-0.3915,,0.8076,0.9414,2.3419,1.8346,,168960,1630,19.36,9.7515,0.1197,9.3289,10.0309,1.3450,9.8076,2.9664,1.8318,2.3312,11.7915,0.0763,-1.6654,1.6654,-9.7827,1.3453,51.66,29.6,241.4
35.0,670,12.2549,-8.6104,-0.3913,,0.8050,2.6044,2.4630,1.8069,,171520,1630,19.96,9.9490,0.1155,9.6312,10.1855,1.3634,10.2677,3.5087,2.0296,2.8570,12.1271,0.0715,-1.6931,1.6931,-9.9739,1.3635,50.10,29.6,241.4
35.5,680,9.4947,-8.7587,-0.4036,,0.8025,1.5920,1.9435,1.8373,,174080,1630,19.04,10.0781,0.1348,9.5605,10.3477,1.3363,10.0576,3.0868,1.8822,2.4434,11.3171,0.0741,-1.6627,1.6627,-10.0935,1.3348,52.52,29.6,241.4
36.0,690,10.7047,-8.8209,-0.4050,,0.8000,0.9073,2.1109,1.8179,,176640,1630,19.23,10.1638,0.1229,9.8548,10.3902,1.3457,10.2526,3.2719,1.9289,2.6469,11.7223,0.0755,-1.6821,1.6821,-10.1670,1.3461,52.00,29.6,241.4
36.5,700,10.1458,-8.9423,-0.4141,,0.7975,0.8790,2.3943,1.8328,,179200,1630,19.95,10.2508,0.1210,9.8067,10.4899,1.3340,10.3227,3.1984,1.8370,2.6062,12.8424,0.0755,-1.6672,1.6672,-10.2723,1.3300,50.12,29.6,241.4
37.1,710,11.3360,-9.1819,-0.4139,,0.7950,1.0134,2.1636,1.8071,,181760,1630,19.24,10.5059,0.1240,10.1789,10.7433,1.3556,10.5601,3.3767,2.0266,2.6930,11.6950,0.0731,-1.6929,1.6929,-10.5283,1.3464,51.98,29.6,241.4
37.6,720,11.6003,-9.3296,-0.4301,,0.7926,3.2565,1.8382,1.8525,,184320,1630,19.58,10.6492,0.1168,10.3215,10.8806,1.3216,10.4654,3.3953,2.0796,2.7017,11.6874,0.0708,-1.6475,1.6475,-10.6358,1.3061,51.07,29.6,241.4
38.1,730,12.4032,-9.1959,-0.4311,,0.7901,2.1422,2.3671,1.8321,,186880,1630,19.45,10.5109,0.1194,10.1116,10.7615,1.3265,10.7832,3.5332,2.0919,2.8379,11.3484,0.0702,-1.6679,1.6679,-10.5141,1.3182,51.41,29.6,241.4
38.6,740,10.9912,-9.3972,-0.4430,,0.7877,1.6601,2.4787,1.8585,,189440,1630,19.54,10.6550,0.1127,10.2157,10.8975,1.2929,10.8825,3.3196,1.9857,2.6591,11.3798,0.0719,-1.6415,1.6415,-10.6905,1.2933,51.18,29.6,241.4
39.1,750,11.3711,-9.5989,-0.4362,,0.7852,5.4554,1.7614,1.8064,,192000,1630,18.84,10.9180,0.1130,10.5915,11.1598,1.3299,10.5320,3.3455,2.1312,2.6175,11.0817,0.0696,-1.6936,1.6936,-10.9292,1.3303,53.08,29.6,241.4
39.7,760,12.0522,-9.7140,-0.4546,,0.7828,1.1337,2.3466,1.8586,,194560,1630,18.89,10.9851,0.1210,10.5997,11.2233,1.2872,11.1565,3.4785,1.9842,2.8534,11.4415,0.0715,-1.6414,1.6414,-10.9993,1.2853,52.94,29.6,241.4
40.2,770,10.7625,-9.7078,-0.4451,,0.7803,0.7596,2.2999,1.7967,,197120,1630,18.85,11.0242,0.1052,10.6511,11.2284,1.3306,11.1349,3.2803,1.9007,2.6784,11.9814,0.0683,-1.7033,1.7033,-11.0374,1.3296,53.04,29.6,241.4
40.7,780,10.2514,-9.8218,-0.4567,,0.7779,3.4557,2.0614,1.8207,,199680,1630,19.92,11.1166,0.1005,10.7576,11.3395,1.3071,11.5098,3.2007,1.8163,2.6411,11.0554,0.0672,-1.6793,1.6793,-11.1286,1.3067,50.20,29.6,241.4
41.2,790,14.7211,-9.9998,-0.4651,,0.7755,1.3318,2.3922,1.8317,,200000,1630,18.93,11.2844,0.1005,10.9027,11.4946,1.2960,11.4658,3.8408,2.3163,3.0641,11.5881,0.0665,-1.6683,1.6683,-11.2940,1.2942,52.82,29.6,241.4
41.8,800,10.0463,-9.9855,-0.4557,,0.7731,4.3834,2.0351,1.7732,,200000,1630,18.96,11.3291,0.0986,11.0054,11.5566,1.3351,11.0413,3.1576,1.9147,2.5300,11.8052,0.0690,-1.7268,1.7268,-11.3210,1.3355,52.74,29.6,241.4
42.3,810,8.5413,-10.2135,-0.4809,,0.7707,1.0629,2.5799,1.8488,,200000,1630,19.36,11.4510,0.1045,11.1420,11.6609,1.2847,11.6131,2.9358,1.7023,2.3794,11.1384,0.0664,-1.6512,1.6512,-11.4865,1.2730,51.64,29.6,241.4
42.8,820,13.1925,-10.4018,-0.4773,,0.7683,1.7889,1.9417,1.8134,,200000,1630,19.36,11.6920,0.0959,11.2942,11.8776,1.3002,11.6478,3.6292,2.0846,2.9795,11.7577,0.0654,-1.6866,1.6866,-11.6981,1.2963,51.66,29.6,241.4
43.3,830,8.7343,-10.3459,-0.4803,,0.7660,1.0203,2.5481,1.8037,,200000,1630,18.76,11.6534,0.1091,11.1522,11.8564,1.2993,11.8142,2.9639,1.6994,2.4217,11.8704,0.0696,-1.6963,1.6963,-11.6456,1.2997,53.30,29.6,241.4
43.8,840,13.9153,-10.5732,-0.5031,,0.7636,2.3577,2.3163,1.8675,,200000,1630,19.71,11.8100,0.1045,11.4115,12.0087,1.2493,11.7110,3.7314,2.1714,3.0385,11.2483,0.0652,-1.6325,1.6325,-11.8202,1.2470,50.74,29.6,241.4
44.3,850,8.9689,-10.6473,-0.4990,,0.7613,0.8760,1.7603,1.8314,,200000,1630,18.57,11.9125,0.0929,11.6171,12.0876,1.2702,11.9566,3.0038,1.6888,2.4773,11.3464,0.0652,-1.6686,1.6686,-11.9179,1.2706,53.85,29.6,241.4
44.9,860,6.9719,-10.6642,-0.5009,,0.7589,2.0725,2.1438,1.8177,,200000,1630,18.95,11.9330,0.0868,11.6415,12.1856,1.2774,11.8514,2.6322,1.4992,2.1770,12.1082,0.0638,-1.6823,1.6823,-11.9413,1.2771,52.78,29.6,241.4
45.4,870,9.8634,-10.8222,-0.5016,,0.7566,0.8235,1.9338,1.8000,,200000,1630,19.96,12.0904,0.1024,11.6825,12.2997,1.2913,12.1444,3.1411,1.8030,2.5758,11.9058,0.0652,-1.7000,1.7000,-12.1088,1.2866,50.11,29.6,241.4
45.9,880,11.5731,-10.9962,-0.5068,,0.7543,2.6466,2.0109,1.7989,,200000,1630,19.37,12.2632,0.0907,11.8771,12.4614,1.2831,12.1308,3.4015,1.9292,2.8068,12.0092,0.0647,-1.7011,1.7011,-12.2797,1.2835,51.64,29.6,241.4
46.4,890,11.7972,-11.1317,-0.5220,,0.7519,1.1842,2.1364,1.8329,,200000,1630,19.02,12.3738,0.0957,12.0744,12.6121,1.2535,12.5394,3.4400,1.9614,2.8245,11.1877,0.0619,-1.6671,1.6671,-12.3856,1.2539,52.57,29.6,241.4
46.9,900,10.9472,-11.0676,-0.5213,,0.7496,3.0842,2.4253,1.8109,,200000,1630,18.98,12.3385,0.1122,11.9408,12.5694,1.2711,12.6942,3.3085,1.8824,2.7256,12.2263,0.0673,-1.6891,1.6891,-12.3342,1.2666,52.68,29.6,241.4
47.5,910,13.0569,-11.2914,-0.5309,,0.7473,1.3384,2.0735,1.8246,,200000,1630,19.94,12.5224,0.1050,12.2215,12.7356,1.2520,12.5176,3.6220,2.0658,2.9698,12.4078,0.0649,-1.6754,1.6754,-12.5438,1.2524,50.14,29.6,241.4
48.0,920,9.6832,-11.5070,-0.5246,,0.7450,3.6500,2.0711,1.7842,,200000,1630,19.73,12.7723,0.1049,12.3187,13.0215,1.2783,12.5518,3.0936,1.7254,2.5940,12.4830,0.0620,-1.7158,1.7158,-12.7858,1.2787,50.68,29.6,241.4
48.5,930,13.6092,-11.6692,-0.5331,,0.7427,0.8407,1.8593,1.7941,,200000,1630,18.40,12.9189,0.0976,12.5969,13.1143,1.2716,13.0189,3.6893,2.1566,2.9983,11.9656,0.0628,-1.7059,1.7059,-12.9366,1.2674,54.35,29.6,241.4
49.0,940,11.2162,-11.6991,-0.5447,,0.7405,2.2489,2.1339,1.8147,,200000,1630,19.41,12.9503,0.0949,12.5897,13.1392,1.2479,13.2161,3.3475,1.8204,2.8160,11.2988,0.0604,-1.6853,1.6853,-12.9474,1.2483,51.53,29.6,241.4
49.6,950,14.6704,-11.5827,-0.5447,,0.7382,1.7629,1.9516,1.7961,,200000,1630,17.95,12.8425,0.0914,12.5975,13.0350,1.2589,13.0579,3.8414,2.1601,3.1686,11.9882,0.0623,-1.7039,1.7039,-12.8408,1.2582,55.70,29.6,241.4
50.1,960,13.0973,-11.8283,-0.5574,,0.7359,1.3197,2.0272,1.8197,,200000,1630,19.39,13.0338,0.1044,12.6112,13.2484,1.2366,13.0331,3.6262,2.0637,2.9782,11.1279,0.0621,-1.6803,1.6803,-13.0652,1.2369,51.58,29.6,241.4
50.6,970,14.8534,-12.0692,-0.5596,,0.7337,3.5169,1.9927,1.8085,,200000,1630,18.39,13.2831,0.1011,12.9318,13.4786,1.2410,13.6611,3.8544,2.1943,3.1740,12.3238,0.0629,-1.6915,1.6915,-13.3106,1.2413,54.38,29.6,241.4
51.2,980,14.8905,-12.1424,-0.5856,,0.7314,0.8733,2.2589,1.8741,,200000,1630,19.22,13.3405,0.1032,13.0017,13.5514,1.1989,13.4494,3.8607,2.1953,3.1791,11.8664,0.0619,-1.6259,1.6259,-13.3319,1.1896,52.02,29.6,241.4
51.8,990,11.5977,-12.1617,-0.5895,,0.7291,4.3555,2.0056,1.8681,,200000,1630,19.04,13.3311,0.1053,12.9298,13.5467,1.1899,13.7879,3.3868,1.7994,2.8964,12.0320,0.0627,-1.6319,1.6319,-13.3520,1.1903,52.51,29.6,241.4
52.3,1000,14.6120,-12.3126,-0.5798,,0.7269,2.7459,1.4651,1.8194,,200000,1630,19.05,13.5225,0.0921,13.2051,13.7119,1.2278,13.8307,3.8231,2.1925,3.1369,12.3213,0.0603,-1.6806,1.6806,-13.5346,1.2220,52.50,29.6,241.4
52.8,1010,18.1117,-12.3663,-0.5936,,0.7247,4.0557,1.8405,1.8449,,200000,1630,19.62,13.5794,0.0974,13.2944,13.8022,1.1994,13.3272,4.2467,2.4476,3.4879,12.9153,0.0609,-1.6551,1.6551,-13.5660,1.1997,50.97,29.6,241.4
53.3,1020,12.4420,-12.4904,-0.5827,,0.7225,5.1207,1.9160,1.7942,,200000,1630,19.19,13.6855,0.0927,13.2761,13.9035,1.2324,14.2009,3.5089,1.9798,2.9244,12.4865,0.0608,-1.7058,1.7058,-13.7232,1.2328,52.12,29.6,241.4
53.9,1030,14.8060,-12.7101,-0.6099,,0.7202,2.5936,2.4959,1.8603,,200000,1630,19.31,13.9029,0.0926,13.6021,14.0730,1.1866,13.7729,3.8547,2.1358,3.2065,13.0204,0.0572,-1.6397,1.6397,-13.8915,1.1814,51.78,29.6,241.4
54.4,1040,10.4155,-12.6219,-0.6084,,0.7180,0.9414,1.8984,1.8387,,200000,1630,18.60,13.8173,0.0905,13.4644,13.9894,1.1929,13.8434,3.2389,1.8131,2.6745,12.3226,0.0607,-1.6613,1.6613,-13.8152,1.1933,53.76,29.6,241.4
54.9,1050,12.8065,-12.8254,-0.6118,,0.7159,0.9215,1.6332,1.8319,,200000,1630,19.84,13.9968,0.0900,13.6597,14.1766,1.1949,14.0361,3.5858,1.9947,2.9764,12.0278,0.0619,-1.6681,1.6681,-14.0199,1.1945,50.39,29.6,241.4
55.4,1060,16.4402,-13.1108,-0.6119,,0.7137,0.8552,2.1197,1.8156,,200000,1630,18.35,14.2998,0.0859,13.9686,14.4673,1.2079,14.3609,4.0667,2.2448,3.3827,13.3536,0.0567,-1.6844,1.6844,-14.3133,1.2025,54.51,29.6,241.4
55.9,1070,10.8071,-13.1672,-0.6177,,0.7115,1.8789,2.0284,1.8162,,200000,1630,19.88,14.3722,0.0962,14.0063,14.5769,1.1985,14.3038,3.2917,1.8488,2.7231,12.2864,0.0583,-1.6838,1.6838,-14.3655,1.1983,50.31,29.6,241.4
56.5,1080,13.5937,-13.0720,-0.6288,,0.7093,1.2718,2.2303,1.8323,,200000,1630,19.67,14.2420,0.0927,13.9405,14.4280,1.1831,14.4100,3.6915,1.9809,3.1152,13.6074,0.0593,-1.6677,1.6677,-14.2553,1.1832,50.85,29.6,241.4
57.0,1090,16.3329,-13.2217,-0.6419,,0.7071,1.1634,1.7518,1.8539,,200000,1630,18.73,14.3867,0.0821,14.0476,14.5656,1.1683,14.5351,4.0504,2.3142,3.3192,12.7116,0.0590,-1.6461,1.6461,-14.3860,1.1644,53.39,29.6,241.4
57.5,1100,15.0679,-13.3793,-0.6246,,0.7050,0.9472,2.2412,1.7881,,200000,1630,20.13,14.5634,0.0918,13.9944,14.7409,1.2068,14.6915,3.8913,2.2208,3.1894,12.5135,0.0573,-1.7119,1.7119,-14.5865,1.2072,49.68,29.6,241.4
58.0,1110,15.0431,-13.5828,-0.6576,,0.7028,2.7844,1.8695,1.8663,,200000,1630,19.15,14.7172,0.0933,14.3818,14.9161,1.1526,15.0185,3.8778,2.1791,3.2143,12.2713,0.0565,-1.6337,1.6337,-14.7313,1.1485,52.21,29.6,241.4
58.5,1120,12.4217,-13.5266,-0.6492,,0.7006,1.7013,1.8882,1.8266,,200000,1630,19.00,14.7088,0.0923,14.3559,14.8740,1.1768,14.9216,3.5275,1.9366,2.9499,13.2058,0.0592,-1.6734,1.6734,-14.6995,1.1728,52.62,29.6,241.4
59.0,1130,19.8227,-13.5904,-0.6754,,0.6985,2.7281,1.6445,1.8839,,200000,1630,19.71,14.7145,0.1050,14.3674,14.9300,1.1372,15.0174,4.4522,2.5590,3.6500,14.4355,0.0607,-1.6161,1.6161,-14.7195,1.1291,50.73,29.6,241.4
59.6,1140,14.4245,-13.6588,-0.6672,,0.6963,4.0704,1.7024,1.8451,,200000,1630,19.50,14.7981,0.0915,14.4723,14.9713,1.1523,15.2124,3.7928,2.0232,3.2201,13.2958,0.0568,-1.6549,1.6549,-14.8115,1.1527,51.29,29.6,241.4
60.1,1150,14.5146,-13.7674,-0.6738,,0.6942,2.5193,2.0450,1.8476,,200000,1630,19.15,14.9047,0.0909,14.6351,15.0971,1.1471,15.1848,3.8114,2.0721,3.2028,13.7125,0.0558,-1.6524,1.6524,-14.9149,1.1474,52.22,29.6,241.4
60.6,1160,18.3381,-13.8314,-0.6747,,0.6921,1.5542,1.9727,1.8347,,200000,1630,22.62,14.9725,0.0953,14.6149,15.1718,1.1525,15.1599,4.2845,2.3942,3.5570,14.2429,0.0561,-1.6653,1.6653,-14.9843,1.1529,44.22,29.6,241.4
61.1,1170,14.9562,-14.1047,-0.6887,,0.6899,2.8549,1.5223,1.8570,,200000,1630,19.32,15.2163,0.0915,14.6933,15.3842,1.1362,15.5177,3.8700,2.0868,3.2619,13.7393,0.0531,-1.6430,1.6430,-15.2385,1.1339,51.76,29.6,241.4
61.7,1180,14.7400,-14.2211,-0.6865,,0.6878,5.2730,2.0476,1.8361,,200000,1630,19.13,15.3424,0.0793,15.0908,15.5414,1.1483,15.8508,3.8247,2.1626,3.1780,13.7808,0.0551,-1.6639,1.6639,-15.3660,1.1448,52.28,29.6,241.4
62.2,1190,16.7475,-14.4225,-0.6972,,0.6857,2.5781,2.0036,1.8494,,200000,1630,19.09,15.5396,0.0822,15.1732,15.7064,1.1319,15.8158,4.0933,2.2327,3.4360,13.8115,0.0527,-1.6506,1.6506,-15.5547,1.1322,52.39,29.6,241.4
62.7,1200,16.9463,-14.3558,-0.6881,,0.6836,3.6717,1.9091,1.8108,,200000,1630,19.81,15.5318,0.0735,15.3094,15.6919,1.1548,15.3140,4.1084,2.2202,3.4730,14.3121,0.0536,-1.6892,1.6892,-15.5109,1.1552,50.48,29.6,241.4
63.2,1210,14.3468,-14.4964,-0.7012,,0.6815,1.7691,2.0615,1.8304,,200000,1630,19.03,15.6132,0.0640,15.4036,15.7870,1.1379,15.8171,3.7984,2.0033,3.2205,13.8086,0.0534,-1.6696,1.6696,-15.6347,1.1383,52.55,29.6,241.4
63.8,1220,14.2149,-14.6960,-0.7137,,0.6795,0.7104,2.2161,1.8483,,200000,1630,19.90,15.8071,0.0711,15.5051,15.9678,1.1253,15.8599,3.7813,1.9881,3.2094,14.2116,0.0512,-1.6517,1.6517,-15.8186,1.1226,50.25,29.6,241.4
64.3,1230,17.5861,-14.8296,-0.7174,,0.6774,0.8897,1.5501,1.8432,,200000,1630,19.24,15.9429,0.0820,15.6697,16.1043,1.1276,16.0539,4.2040,2.3185,3.5008,14.7482,0.0527,-1.6568,1.6568,-15.9522,1.1226,51.99,29.6,241.4
64.8,1240,13.1108,-14.7182,-0.7150,,0.6753,6.9801,1.6705,1.8226,,200000,1630,19.62,15.8415,0.0780,15.5743,15.9935,1.1328,16.4893,3.5852,1.8812,3.0995,13.6385,0.0547,-1.6774,1.6774,-15.8513,1.1331,50.96,29.6,241.4
65.3,1250,9.9542,-14.8061,-0.7210,,0.6732,1.7827,1.9426,1.8236,,200000,1630,18.87,15.9225,0.0750,15.6552,16.0999,1.1286,16.1333,3.1644,1.6831,2.6733,14.2509,0.0533,-1.6764,1.6764,-15.9351,1.1290,53.00,29.6,241.4
65.8,1260,14.8340,-15.0748,-0.7322,,0.6712,1.4740,1.3476,1.8377,,200000,1630,17.04,16.1712,0.0767,15.8561,16.3318,1.1165,16.3483,3.8633,2.0711,3.2532,14.7093,0.0537,-1.6623,1.6623,-16.1909,1.1160,58.67,29.6,241.4
66.4,1270,13.8818,-15.3010,-0.7433,,0.6691,1.0021,1.5812,1.8515,,200000,1630,18.96,16.3901,0.0699,16.1085,16.5466,1.1044,16.3989,3.7314,1.9285,3.1938,15.0303,0.0499,-1.6485,1.6485,-16.4044,1.1034,52.73,29.6,241.4
66.9,1280,16.8595,-15.2577,-0.7440,,0.6671,2.0882,1.6662,1.8391,,200000,1630,19.18,16.3716,0.0740,16.0455,16.5176,1.1080,16.6009,4.1119,2.2072,3.4687,14.3755,0.0516,-1.6609,1.6609,-16.3660,1.1083,52.15,29.6,241.4
67.4,1290,20.4866,-15.2957,-0.7483,,0.6651,1.8462,1.8387,1.8359,,200000,1630,18.87,16.4090,0.0763,16.0964,16.5729,1.1104,16.3486,4.5340,2.4349,3.8226,15.8552,0.0530,-1.6641,1.6641,-16.4027,1.1070,53.00,29.6,241.4
67.9,1300,19.9427,-15.4486,-0.7461,,0.6630,5.1180,1.4025,1.8168,,200000,1630,19.39,16.5272,0.0789,16.2606,16.6996,1.1160,17.0174,4.4580,2.4542,3.7378,14.5570,0.0554,-1.6832,1.6832,-16.5650,1.1163,51.58,29.6,241.4
68.4,1310,16.8143,-15.6708,-0.7610,,0.6610,3.3217,1.6241,1.8394,,200000,1630,19.42,16.7783,0.0785,16.5429,16.9298,1.1065,16.5887,4.1027,2.1938,3.4707,15.3483,0.0531,-1.6606,1.6606,-16.7687,1.0980,51.48,29.6,241.4
68.9,1320,20.3082,-15.6951,-0.7577,,0.6590,5.9493,1.4847,1.8180,,200000,1630,19.86,16.7848,0.0782,16.5611,16.9515,1.1098,17.3378,4.4921,2.5362,3.7320,15.0036,0.0535,-1.6820,1.6820,-16.8038,1.1087,50.35,29.6,241.4
69.5,1330,18.7909,-15.7333,-0.7679,,0.6569,1.7795,1.4676,1.8290,,200000,1630,19.44,16.8288,0.0753,16.5560,16.9879,1.0993,17.0361,4.3405,2.3714,3.6354,15.4258,0.0531,-1.6710,1.6710,-16.8314,1.0981,51.44,29.6,241.4
70.0,1340,15.6641,-15.8317,-0.7889,,0.6549,9.2177,2.2013,1.8653,,200000,1630,18.04,16.8772,0.0776,16.5939,17.0371,1.0734,17.6972,3.8953,2.1026,3.3593,15.2381,0.0529,-1.6347,1.6347,-16.9027,1.0710,55.44,29.6,241.4
70.5,1350,14.7391,-15.9079,-0.7741,,0.6529,2.2116,1.6216,1.8172,,200000,1630,19.16,16.9913,0.0775,16.7026,17.1259,1.1043,17.2336,3.8404,1.9869,3.2911,15.7804,0.0502,-1.6828,1.6828,-17.0070,1.0991,52.20,29.6,241.4
71.0,1360,16.3338,-16.1571,-0.7889,,0.6509,3.4306,1.7751,1.8388,,200000,1630,20.03,17.2074,0.0686,16.8989,17.3403,1.0856,17.5480,4.0432,2.2091,3.3906,14.9968,0.0499,-1.6612,1.6612,-17.2388,1.0817,49.92,29.6,241.4
71.6,1370,21.4471,-16.2287,-0.7908,,0.6490,0.8465,1.5672,1.8303,,200000,1630,19.25,17.3162,0.0754,17.0490,17.4672,1.0881,17.3711,4.6381,2.5577,3.8680,14.8720,0.0505,-1.6697,1.6697,-17.3127,1.0839,51.94,29.6,241.4
72.1,1380,21.1705,-16.2041,-0.7959,,0.6470,5.3555,1.8124,1.8292,,200000,1630,18.88,17.2993,0.0751,17.0548,17.4605,1.0810,16.9469,4.5865,2.3533,3.9612,15.4925,0.0528,-1.6708,1.6708,-17.2855,1.0813,52.97,29.6,241.4
72.6,1390,15.4150,-16.2999,-0.8033,,0.6450,1.7368,1.8035,1.8331,,200000,1630,19.43,17.3497,0.0705,17.1552,17.4957,1.0751,17.2890,3.9359,1.9575,3.4097,16.6283,0.0501,-1.6669,1.6669,-17.3754,1.0755,51.46,29.6,241.4
73.1,1400,16.3506,-16.6034,-0.8131,,0.6430,2.1672,1.4068,1.8428,,200000,1630,18.83,17.6329,0.0692,17.3777,17.7845,1.0734,17.8636,4.0488,2.1764,3.4143,15.6244,0.0483,-1.6572,1.6572,-17.6694,1.0660,53.10,29.6,241.4
73.6,1410,18.7876,-16.8086,-0.8201,,0.6411,1.6491,2.0642,1.8459,,200000,1630,19.03,17.8615,0.0649,17.6087,18.0044,1.0604,17.8119,4.3397,2.2944,3.6843,16.9629,0.0485,-1.6541,1.6541,-17.8693,1.0607,52.54,29.6,241.4
74.1,1420,21.5291,-16.7355,-0.8168,,0.6391,2.0314,1.6119,1.8260,,200000,1630,19.22,17.8120,0.0646,17.5554,17.9798,1.0699,18.0322,4.6444,2.5091,3.9103,16.6540,0.0496,-1.6740,1.6740,-17.8057,1.0703,52.02,29.6,241.4
74.7,1430,20.8970,-16.8076,-0.8415,,0.6372,0.7930,1.5455,1.8684,,200000,1630,20.18,17.8369,0.0651,17.6266,17.9631,1.0396,17.9132,4.5803,2.4076,3.8932,16.9331,0.0506,-1.6316,1.6316,-17.8476,1.0400,49.55,29.6,241.4
75.2,1440,22.8299,-16.8880,-0.8142,,0.6352,2.4459,1.7055,1.7955,,200000,1630,19.13,17.9552,0.0642,17.6913,18.0768,1.0828,17.8396,4.7823,2.5855,4.0257,17.3876,0.0493,-1.7045,1.7045,-17.9711,1.0831,52.27,29.6,241.4
75.7,1450,16.8267,-16.8753,-0.8364,,0.6333,6.8518,1.4957,1.8321,,200000,1630,19.86,17.9247,0.0613,17.6977,18.0587,1.0572,18.5382,4.0784,2.1491,3.5005,16.5899,0.0511,-1.6679,1.6679,-17.9318,1.0566,50.35,29.6,241.4
76.2,1460,24.6946,-17.0376,-0.8467,,0.6314,3.7485,1.2034,1.8425,,200000,1630,19.80,18.0781,0.0645,17.8429,18.2551,1.0465,17.8570,4.9711,2.6866,4.1884,16.3514,0.0504,-1.6575,1.6575,-18.0844,1.0468,50.52,29.6,241.4
76.7,1470,23.6764,-17.2055,-0.8577,,0.6295,1.8447,1.3146,1.8541,,200000,1630,19.42,18.2263,0.0658,17.9984,18.3711,1.0412,18.4288,4.8706,2.5180,4.1715,17.2198,0.0498,-1.6459,1.6459,-18.2419,1.0363,51.49,29.6,241.4
77.3,1480,20.1226,-17.4003,-0.8503,,0.6275,3.6016,1.8342,1.8262,,200000,1630,19.06,18.4476,0.0622,18.1974,18.5989,1.0504,18.2354,4.4823,2.3312,3.8397,16.5211,0.0478,-1.6738,1.6738,-18.4510,1.0507,52.45,29.6,241.4
77.8,1490,20.6791,-17.3728,-0.8645,,0.6256,3.9269,1.8116,1.8444,,200000,1630,19.22,18.4079,0.0603,18.2177,18.5231,1.0358,18.7857,4.5414,2.4114,3.8626,16.8375,0.0498,-1.6556,1.6556,-18.4088,1.0361,52.03,29.6,241.4
